id, title, releaseYear
500,Baby Face,1933
501,The Buffalo Creek Flood: An Act of Man,1975
502,The Cameraman,1928
503,"Commandment Keeper Church, Beaufort, South Carolina (May 1940)",1940
504,Cool Hand Luke,1967
505,Fast Times at Ridgemont High,1982
506,The French Connection,1971
507,Giant,1956
508,H2O,1929
509,Hands Up!,1926
510,Hoop Dreams,1994
511,House of Usher,1960
512,Imitation of Life,1934
513,Jeffries-Johnson World’s Championship Boxing Contest,1910
514,The Making of an American,1920
515,Miracle on 34th Street,1947
516,Mom and Dad,1944
517,The Music Man,1962
518,The Power of the Press,1928
519,A Raisin in the Sun,1961
520,The Rocky Horror Picture Show,1975
521,"San Francisco Earthquake and Fire, April 18, 1906",1906
522,The Sting,1973
523,A Time for Burning,1966
524,Toy Story,1995
525,Ben-Hur (1959),1959
526,The Blue Bird,1918
527,A Bronx Morning,1931
528,Clash of the Wolves,1925
529,The Court Jester,1956
530,D.O.A.,1950
531,Daughters of the Dust,1991
532,Duck and Cover,1951
533,Empire,1964
534,Enter the Dragon,1973
535,Eraserhead,1977
536,Garlic Is As Good As Ten Mothers,1980
537,Going My Way,1944
538,Jailhouse Rock,1957
539,"Kannapolis, N.C.",1941
540,Lady Helen’s Escapade,1909
541,The Nutty Professor,1963
542,OffOn,1968
543,Popeye the Sailor Meets Sindbad the Sailor,1936
544,Pups Is Pups,1930
545,Schindler’s List,1993
546,Seven Brides for Seven Brothers,1954
547,Swing Time,1936
548,There It Is,1928
549,Unforgiven,1992
550,Antonia: A Portrait of the Woman,1974
551,Atlantic City,1980
552,Butch Cassidy and the Sundance Kid,1969
553,The Chechahcos,1924
554,Dickson Experimental Sound Film,1894
555,Film Portrait,1972
556,Fox Movietone News: Jenkins Orphanage Band,1928
557,Gold Diggers of 1933,1933
558,The Hunters,1957
559,Matrimony’s Speed Limit,1913
560,Medium Cool,1969
561,National Velvet,1944
562,Naughty Marietta,1935
563,Nostalgia,1971
564,One Froggy Evening,1956
565,Patton,1970
566,"Princess Nicotine; or, The Smoke Fairy",1909
567,Show People,1928
568,The Son of the Sheik,1926
569,Tarzan and His Mate,1934
570,Tin Toy,1988
571,The Wedding March,1928
572,White Heat,1949
573,Young Frankenstein,1974
574,Young Mr. Lincoln,1939
575,Alien,1979
576,All My Babies,1953
577,The Bad and the Beautiful,1952
578,Beauty and the Beast,1991
579,The Black Stallion,1979
580,Boyz N the Hood,1991
581,Demolishing and Building Up the Star Theatre,1901
582,The Endless Summer,1966
583,From Here to Eternity,1953
584,From Stump to Ship,1930
585,Fuji,1974
586,In the Heat of the Night,1967
587,Lady Windermere’s Fan,1925
588,Melody Ranch,1940
589,Navajo Film Themselves (Through Navajo Eyes),1966
590,The Pearl,1948
591,Punch Drunks,1934
592,Sabrina,1954
593,Stranger Than Paradise,1984
594,Theodore Case Sound Test: Gus Visser and His Singing Duck,1925
595,This Is Cinerama,1952
596,This Is Spinal Tap,1984
597,Why Man Creates,1968
598,Wild and Woolly,1917
599,Wild River,1960
600,Abbott and Costello Meet Frankenstein,1948
601,All That Jazz,1979
602,All the King’s Men,1949
603,"America, America",1963
604,Cologne: From the Diary of Ray and Esther,1939
605,The Evidence of the Film,1913
606,Hoosiers,1986
607,The House in the Middle,1954
608,It,1927
609,Jam Session,1942
610,Jaws,1975
611,Manhattan,1979
612,Marian Anderson: the Lincoln Memorial Concert,1939
613,Memphis Belle,1944
614,The Miracle of Morgan’s Creek,1944
615,Miss Lulu Bett,1922
616,National Lampoon’s Animal House,1978
617,Planet of the Apes,1968
618,Rose Hobart,1936
619,Serene Velocity,1970
620,The Sound of Music,1965
621,Stormy Weather,1943
622,The Tell-Tale Heart,1953
623,The Thin Blue Line,1988
624,The Thing from Another World,1951
625,Apocalypse Now,1979
626,Dracula,1931
627,The Fall of the House of Usher,1928
628,Five Easy Pieces,1970
629,Goodfellas,1990
630,Koyaanisqatsi,1983
631,The Land Beyond the Sunset,1912
632,Let’s All Go to the Lobby,1957
633,The Life of Emile Zola,1937
634,Little Caesar,1930
635,The Living Desert,1953
636,Love Finds Andy Hardy,1938
637,Multiple SIDosis,1970
638,Network,1976
639,Peter Pan,1924
640,Porky in Wackyland,1938
641,President McKinley Inauguration Footage,1901
642,Regeneration,1915
643,Salomé,1923
644,Shaft,1971
645,Sherman’s March,1986
646,A Star Is Born,1954
647,The Tall T,1957
648,Why We Fight,1943
649,Will Success Spoil Rock Hunter?,1957
650,Civilization,1916
651,Do the Right Thing,1989
652,The Docks of New York,1928
653,Duck Amuck,1953
654,The Emperor Jones,1933
655,Gunga Din,1939
656,In the Land of the Head Hunters,1914
657,Jazz on a Summer’s Day,1959
658,King: A Filmed Record... Montgomery to Memphis,1970
659,The Kiss,1896
660,Kiss Me Deadly,1955
661,Lambchops,1929
662,Laura,1944
663,Master Hands,1936
664,My Man Godfrey,1936
665,Night of the Living Dead,1968
666,The Plow That Broke the Plains,1936
667,Raiders of the Lost Ark,1981
668,Roman Holiday,1953
669,The Shop Around the Corner,1940
670,A Streetcar Named Desire,1951
671,The Ten Commandments,1956
672,Trance and Dance in Bali,1939
673,The Wild Bunch,1969
674,Woman of the Year,1942
675,42nd Street,1933
676,The Bride of Frankenstein,1935
677,The City,1939
678,Dead Birds,1964
679,Don’t Look Back,1967
680,Easy Rider,1969
681,From the Manger to the Cross,1912
682,Gun Crazy aka Deadly Is the Female,1949
683,The Hitch-Hiker,1953
684,The Immigrant,1917
685,The Last Picture Show,1971
686,Little Miss Marker,1934
687,The Lost World,1925
688,Modesta,1956
689,The Ox-Bow Incident,1943
690,Pass the Gravy,1928
691,The Phantom of the Opera,1925
692,Powers of Ten,1978
693,The Public Enemy,1931
694,Sky High,1922
695,Steamboat Willie,1928
696,Tacoma Narrows Bridge Collapse,1940
697,Tootsie,1982
698,Twelve O’Clock High,1949
699,Westinghouse Works 1904,1904
700,Ben-Hur (1925),1925
701,The Big Sleep,1946
702,The Bridge on the River Kwai,1957
703,Cops,1922
704,Czechoslovakia 1968,1969
705,Grass,1925
706,The Great Dictator,1940
707,Harold and Maude,1972
708,Hindenburg Disaster Newsreel Footage,1937
709,How the West Was Won,1962
710,The Hustler,1961
711,"Knute Rockne, All American",1940
712,The Life and Death of 9413: a Hollywood Extra,1927
713,Little Fugitive,1953
714,Mean Streets,1973
715,Motion Painting No. 1,1947
716,The Music Box,1932
717,The Naked Spur,1953
718,Rear Window,1954
719,Republic Steel Strike Riot Newsreel Footage,1937
720,Return of the Secaucus 7,1980
721,The Thin Man,1934
722,Tulips Shall Grow,1942
723,West Side Story,1961
724,Wings,1927
725,The Awful Truth,1937
726,Broken Blossoms,1919
727,The Deer Hunter,1978
728,Destry Rides Again,1939
729,Flash Gordon Serial,1936
730,The Forgotten Frontier,1931
731,Frank Film,1973
732,The Graduate,1967
733,The Heiress,1949
734,The Jazz Singer,1927
735,The Life and Times of Rosie the Riveter,1980
736,M*A*S*H,1970
737,Mildred Pierce,1945
738,The Outlaw Josey Wales,1976
739,The Producers,1968
740,Pull My Daisy,1959
741,Road to Morocco,1942
742,She Done Him Wrong,1933
743,Shock Corridor,1963
744,Show Boat,1936
745,The Thief of Bagdad,1924
746,To Be or Not to Be,1942
747,Topaz,1943
748,Verbena tragica,1939
749,Woodstock,1970
750,The Adventures of Robin Hood,1938
751,All That Heaven Allows,1955
752,American Graffiti,1973
753,The Band Wagon,1953
754,Blacksmith Scene,1893
755,Cabaret,1972
756,Chan Is Missing,1982
757,The Conversation,1974
758,The Day the Earth Stood Still,1951
759,El Norte,1983
760,Fatty’s Tintype Tangle,1915
761,The Four Horsemen of the Apocalypse,1921
762,Fury,1936
763,Gerald McBoing-Boing,1951
764,The Hospital,1971
765,Jammin’ the Blues,1944
766,The Last of the Mohicans,1920
767,Manhatta,1921
768,North By Northwest,1959
769,The Philadelphia Story,1940
770,Rip Van Winkle,1896
771,Seventh Heaven,1927
772,Stagecoach,1939
773,To Fly!,1976
774,To Kill a Mockingbird,1962
775,The African Queen,1951
776,The Apartment,1960
777,The Cool World,1963
778,A Corner in Wheat,1909
779,E.T. The Extra-Terrestrial,1982
780,The Exploits of Elaine,1914
781,Force of Evil,1948
782,Freaks,1932
783,Hell’s Hinges,1916
784,Hospital,1970
785,Invasion of the Body Snatchers,1956
786,The Lady Eve,1941
787,Louisiana Story,1948
788,The Manchurian Candidate,1962
789,Marty,1955
790,Meet Me in St. Louis,1944
791,Midnight Cowboy,1969
792,A MOVIE,1958
793,Pinocchio,1940
794,Safety Last!,1923
795,Scarface,1932
796,Snow White,1933
797,Tabu,1931
798,Taxi Driver,1976
799,Zapruder Film,1963
800,An American in Paris,1951
801,Badlands,1973
802,The Black Pirate,1926
803,Blade Runner,1982
804,Cat People,1942
805,The Cheat,1915
806,Chulas Fronteras,1976
807,Eaux d’artifice,1953
808,The Godfather Part II,1974
809,His Girl Friday,1940
810,It Happened One Night,1934
811,Lassie Come Home,1943
812,Magical Maestro,1952
813,March of Time: Inside Nazi Germany,1938
814,A Night at the Opera,1935
815,Nothing But a Man,1964
816,One Flew Over the Cuckoo’s Nest,1975
817,Point of Order,1964
818,Shadows,1959
819,Shane,1953
820,Sweet Smell of Success,1957
821,Touch of Evil,1958
822,Where Are My Children?,1916
823,The Wind,1928
824,Yankee Doodle Dandy,1942
825,Adam’s Rib,1949
826,Annie Hall,1977
827,The Bank Dick,1940
828,Big Business,1929
829,The Big Parade,1925
830,The Birth of a Nation,1915
831,Bonnie and Clyde,1967
832,Carmen Jones,1954
833,Castro Street (The Coming of Consciousness),1966
834,Detour,1945
835,Dog Star Man,1964
836,Double Indemnity,1944
837,Footlight Parade,1933
838,The Gold Rush,1925
839,Letter from an Unknown Woman,1948
840,Morocco,1930
841,Nashville,1975
842,The Night of the Hunter,1955
843,Paths of Glory,1957
844,Psycho,1960
845,Ride the High Country,1962
846,Salesman,1968
847,Salt of the Earth,1954
848,"What’s Opera, Doc?",1957
849,Within Our Gates,1920
850,2001: A Space Odyssey,1968
851,The Battle of San Pietro,1945
852,The Blood of Jesus,1941
853,Chinatown,1974
854,City Lights,1931
855,David Holzman’s Diary,1968
856,Frankenstein,1931
857,Gertie The Dinosaur,1914
858,Gigi,1958
859,Greed,1924
860,High School,1969
861,I Am a Fugitive from a Chain Gang,1932
862,The Italian,1915
863,King Kong,1933
864,Lawrence of Arabia,1962
865,The Magnificent Ambersons,1942
866,My Darling Clementine,1946
867,Out of the Past,1947
868,A Place in the Sun,1951
869,The Poor Little Rich Girl,1917
870,The Prisoner of Zenda,1937
871,Shadow of a Doubt,1943
872,"Sherlock, Jr.",1924
873,Tevye,1939
874,Trouble in Paradise,1932
875,All About Eve,1950
876,All Quiet on the Western Front,1930
877,Bringing Up Baby,1938
878,Dodsworth,1936
879,Duck Soup,1933
880,Fantasia,1940
881,The Freshman,1925
882,The Godfather,1972
883,The Great Train Robbery,1903
884,"Harlan County, U.S.A.",1976
885,How Green Was My Valley,1941
886,It's a Wonderful Life,1946
887,Killer of Sheep,1977
888,Love Me Tonight,1932
889,Meshes of the Afternoon,1943
890,Ninotchka,1939
891,Primary,1960
892,Raging Bull,1980
893,Rebel Without a Cause,1955
894,Red River,1948
895,The River,1938
896,Sullivan’s Travels,1941
897,Top Hat,1935
898,The Treasure of the Sierra Madre,1948
899,A Woman Under the Influence,1974
900,The Best Years of Our Lives,1946
901,Casablanca,1942
902,Citizen Kane,1941
903,The Crowd,1928
904,Dr. Strangelove,1964
905,The General,1927
906,Gone With the Wind,1939
907,The Grapes of Wrath,1940
908,High Noon,1952
909,Intolerance,1916
910,The Learning Tree,1969
911,The Maltese Falcon,1941
912,Modern Times,1936
913,Mr. Smith Goes to Washington,1939
914,Nanook of the North,1922
915,On the Waterfront,1954
916,The Searchers,1956
917,Singin' in the Rain,1952
918,Snow White and the Seven Dwarfs,1937
919,Some Like It Hot,1959
920,Star Wars,1977
921,Sunrise,1927
922,Sunset Boulevard,1950
923,Vertigo,1958
924,The Wizard of Oz,1939
925,Band of Brothers,2001
926,Planet Earth,2006
927,The Shawshank Redemption,1994
928,The Dark Knight,2008
929,12 Angry Men,1957
930,Fight Club,1999
931,The Lord of the Rings: The Two Towers,2002
932,The Matrix,1999
933,Star Wars: Episode V - The Empire Strikes Back,1980
934,It's a Wonderful Life,1946
935,The Green Mile,1999
936,Se7en,1995
937,Star Wars,1977
938,Saving Private Ryan,1998
939,City of God,2002
940,Life Is Beautiful,1997
941,The Departed,2006
942,Gladiator,2000
943,The Usual Suspects,1995
944,Memento,2000
945,The Lion King,1994
946,American History X,1998
947,American Beauty,1999
948,The Lives of Others,2006
949,Robin Williams Live on Broadway,2002
950,Batman Begins,2005
951,Inglourious Basterds,2009
952,Good Will Hunting,1997
953,L.A. Confidential,1997
954,Snatch,2000
955,Star Wars: Episode VI - Return of the Jedi,1983
956,Toy Story,1995
957,The Pacific,2010
958,Lawrence of Arabia,1962
959,Shutter Island,2010
960,V for Vendetta,2005
961,The Truman Show,1998
962,A Beautiful Mind,2001
963,"Lock, Stock and Two Smoking Barrels",1998
964,Stand by Me,1986
965,Pirates of the Caribbean: The Curse of the Black Pearl,2003
966,Catch Me If You Can,2002
967,The Incredibles,2004
968,Into the Wild,2007
969,The Sound of Music,1965
970,"Monsters, Inc.",2001
971,Gran Torino,2008
972,Hotel Rwanda,2004
973,The Princess Bride,1987
974,Casino Royale,2006
975,Star Trek,2009
976,Blood Diamond,2006
977,Slumdog Millionaire,2008
978,The Bourne Ultimatum,2007
979,Sicko,2007
980,Avatar,2009
981,Boogie Nights,1997
982,Iron Man,2008
983,The Bourne Identity,2002
984,Children of Men,2006
985,Shaun of the Dead,2004
986,Toy Story 2,1999
987,"Crash,I",2004
988,The Last Samurai,2003
989,Hot Fuzz,2007
990,The Fugitive,1993
991,Glory,1989
992,The Motorcycle Diaries,2004
993,61*,2001
994,Harry Potter and the Goblet of Fire,2005
995,The Hangover,2009
996,Office Space,1999
997,The Butterfly Effect,2004
998,The Machinist,2004
999,Blazing Saddles,1974
1000,The Count of Monte Cristo,2002
1001,Minority Report,2002
1002,First Blood,1982
1003,The Bourne Supremacy,2004
1004,The Boondock Saints,1999
1005,Apollo 13,1995
1006,The Magnificent Seven,1960
1007,Lucky Number Slevin,2006
1008,300,2006
1009,Harry Potter and the Sorcerer's Stone,2001
1010,Star Wars: Episode III - Revenge of the Sith,2005
1011,Dazed and Confused,1993
1012,Superbad,2007
1013,Inside Man,2006
1014,Sherlock Holmes,2009
1015,Gone Baby Gone,2007
1016,Lord of War,2005
1017,Traffic,2000
1018,Thank You for Smoking,2005
1019,28 Days Later...,2002
1020,High Fidelity,2000
1021,The Aviator,2004
1022,Collateral,2004
1023,Blow,2001
1024,Contact,1997
1025,The Great Train Robbery,1903
1026,Intolerance,1916
1027,Safety Last!,1923
1028,Sherlock Jr.,1924
1029,The Gold Rush,1925
1030,Body and Soul,1925
1031,The Son of the Sheik,1926
1032,Sparrows,1926
1033,IT,1927
1034,The Jazz Singer,1927
1035,The Lodger: A Story of the London Fog,1927
1036,Lights of New York,1928
1037,Steamboat Willie,1928
1038,The CameraMan,1928
1039,The Kiss,1929
1040,The Hollywood Revue of 1929,1929
1041,A Lady To Love,1930
1042,Anna Christie,1930
1043,Animal Crackers,1930
1044,The Big House,1930
1045,The Blue Angel,1930
1046,Morocco,1930
1047,Bubbles,1930
1048,All Quiet on the Western Frontier,1930
1049,West of Broadway,1931
1050,Dracula,1931
1051,Frankenstein,1931
1052,Monkey Business,1931
1053,Blonde Crazy,1931
1054,Laughing Sinners,1931
1055,Little Caeser,1931
1056,The Public Enemy,1931
1057,The Champ,1931
1058,Possessed,1931
1059,City Lights,1931
1060,Grand Hotel,1932
1061,The Mummy,1932
1062,Horse Feathers,1932
1063,Red-Headed Woman,1932
1064,Scarface,1932
1065,Blonde Venus,1932
1066,Red Dust,1932
1067,Queen Christina,1933
1068,The Invisble Man,1933
1069,King Kong,1933
1070,Duck Soup,1933
1071,Gold Diggers of 1933,1933
1072,Footlight Parade,1933
1073,42nd Street,1933
1074,Baby Face,1933
1075,She Done Him Wrong,1933
1076,I'm No Angel,1933
1077,It Happened One Night,1934
1078,Twentieth Century,1934
1079,Kid Millions,1934
1080,Of Human Bondage,1934
1081,Manhattan Melodrama,1934
1082,Mutiny on the Bounty,1935
1083,The Bride of Frankenstein,1935
1084,A Night at the Opera,1935
1085,Gold Diggers of 1935,1935
1086,Symphony In Black: A Rhapsody of Negro Life,1935
1087,The Little Colonel,1935
1088,The Devil is a Woman,1935
1089,Dangerous,1935
1090,The 39 Steps,1935
1091,Triumph of the Will,1935
1092,San Francisco,1936
1093,Swing Time,1936
1094,My Man Godfrey,1936
1095,Show Boat,1936
1096,The Petrified Forest,1936
1097,Snow White and the Seven Dwarfs,1937
1098,The Awful Truth,1937
1099,Bringing Up Baby,1938
1100,Love Finds Andy Hardy,1938
1101,The Women,1939
1102,The Wizard of Oz,1939
1103,Stagecoach,1939
1104,Mr. Smith Goes to Washington,1939
1105,Love Affair,1939
1106,Ninotchka,1939
1107,Of Mice and Men,1939
1108,Only Angels Have Wings,1939
1109,"Goodbye, Mr. Chips",1939
1110,Gunga Din,1939
1111,Wuthering Heights,1939
1112,Young Mr. Lincoln,1939
1113,Gone With the Wind,1939
1114,The Philadelphia Story,1940
1115,His Girl Friday,1940
1116,Rebecca,1940
1117,The Great Dictator,1940
1118,The Grapes of Wrath,1940
1119,The Wolf Man,1941
1120,Sullivan's Travels,1941
1121,The Lady Eve,1941
1122,Suspicion,1941
1123,Citizen Kane,1941
1124,The Maltese Falcon,1941
1125,Casablanca,1942
1126,Wake Island,1942
1127,The Battle of Midway,1942
1128,The Miracle of Morgan's Creek,1943
1129,Bataan,1943
1130,Air Force,1943
1131,Double Indemnity,1944
1132,Laura,1944
1133,Meet Me in St. Louis,1944
1134,The Battle of San Pietro,1945
1135,They Were Expendable,1945
1136,Notorious,1946
1137,The Best Years of Our Lives,1946
1138,It's a Wonderful Life,1946
1139,The Killers,1946
1140,The Big Sleep,1946
1141,My Darling Clementine,1946
1142,Out of the Past,1947
1143,Rope,1948
1144,Fort Apache,1948
1145,The Third Man,1949
1146,Samson and Delilah,1949
1147,Conspirator,1949
1148,She Wore a Yellow Ribbon,1949
1149,The Asphalt Jungle,1950
1150,Gun Crazy,1950
1151,Sunset Boulevard,1950
1152,All About Eve,1950
1153,Born Yesterday,1950
1154,Rio Grande,1950
1155,Quo Vadis,1951
1156,An American in Paris,1951
1157,The Thing From Another World,1951
1158,The Day the Earth Stood Still,1951
1159,A Streetcar Named Desire,1951
1160,The African Queen,1951
1161,Singin' in the Rain,1952
1162,High Noon,1952
1163,The Hitch-hiker,1953
1164,The Robe,1953
1165,The Band Wagon,1953
1166,From Here to Eternity,1953
1167,Roman Holiday,1953
1168,Gentleman Prefer Blondes,1953
1169,How to Marry a Millionarie,1953
1170,A Star is Born,1954
1171,Them!,1954
1172,Gojira,1954
1173,On the Waterfront,1954
1174,Rear Window,1954
1175,To Cathch a Thief,1954
1176,Creature From The Black Lagoon,1954
1177,Tarantula!,1955
1178,Blackboard Jungle,1955
1179,East of Eden,1955
1180,Rebel Without a Cause,1955
1181,The Seven Year Itch,1955
1182,The Ten Commandments,1956
1183,"Godzilla, King of the Monsters!",1956
1184,Invasion of the Body Snatchers,1956
1185,Giant,1956
1186,The Searchers,1956
1187,The Deadly Mantis,1957
1188,A Face in the Crowd,1957
1189,Sweet Smell of Success,1957
1190,The Bridge on the River Kwai,1957
1191,I Married a Monster From Outer Space,1958
1192,Vertigo,1958
1193,Cat On A Hot Tin Roof,1958
1194,The Defiant Ones,1958
1195,Ben-Hur,1959
1196,Some Like It Hot,1959
1197,North By Northwest,1959
1198,Rio Bravo,1959
1199,Pillow Talk,1959
1200,Exodus,1960
1201,Spartacus,1960
1202,The Apartment,1960
1203,Psycho,1960
1204,The Bellboy,1960
1205,The Magnificent Seven,1960
1206,One-Eyed Jacks,1960
1207,Sergeant Rutledge,1960
1208,Breathless,1960
1209,West Side Story,1961
1210,Breakfast at Tiffany's,1961
1211,Splendor in the Grass,1961
1212,Lover Come Back,1961
1213,The Ladies Man,1961
1214,The Errand Boy,1961
1215,El Cid,1961
1216,The Hustler,1961
1217,The Misfits,1961
1218,A Raisin In The Sun,1961
1219,The Longest Day,1962
1220,How The West Was Won,1962
1221,Lawrence Of Arabia,1962
1222,Lolita,1962
1223,Cape Fear,1962
1224,The Manchurian Candidate,1962
1225,That Touch of Mink,1962
1226,Mutiny On The Bounty,1962
1227,Dr. No,1962
1228,Ride The High Country,1962
1229,The Man Who Shot Liberty Valance,1962
1230,To Kill A Mockingbird,1962
1231,The Thrill Of It All,1963
1232,The Pink Panther,1963
1233,The Nutty Professor,1963
1234,Tom Jones,1963
1235,Jason and the Argonauts,1963
1236,Cleopatra,1963
1237,Hud,1963
1238,Charade,1963
1239,The Ugly American,1963
1240,The Great Escape,1963
1241,From Russia With Love,1963
1242,Lilies Of The Field,1963
1243,Send Me No Flowers,1964
1244,The Patsy,1964
1245,Dr. StrangeLove Or: How I Learned to Stop Worrying About the Bomb,1964
1246,The Fall Of The Roman Empire,1964
1247,Becket,1964
1248,My Fair Lady,1964
1249,Mary Poppins,1964
1250,Goldfinger,1964
1251,A Fistful Of Dollars,1964
1252,Cheynne Autumn,1964
1253,The Great Race,1965
1254,The Agony and The Ecstasy,1965
1255,The Greatest Story Ever Told,1965
1256,Doctor Zhivago,1965
1257,The Sound Of Music,1965
1258,The Cincinnati Kid,1965
1259,Thunderball,1965
1260,A Patch Of Blue,1965
1261,The Shooting,1966
1262,"What's Up, Tiger Lily?",1966
1263,"The Russians are Coming, The Russians are Coming",1966
1264,The Sand Pebbles,1966
1265,A Man For All Seasons,1966
1266,Harper,1966
1267,"The Good, The Bad, and The Ugly",1966
1268,Thr Professionals,1966
1269,Who's Afraid of Virgina Woolf?,1966
1270,The Wild Angels,1966
1271,Doctor Dolittle,1967
1272,Barefoot In The Park,1967
1273,The Producers,1967
1274,Cool Hand Luke,1967
1275,Hombre,1967
1276,You Only Live Twice,1967
1277,Guess Who's Coming To Dinner,1967
1278,"To Sir, With Love",1967
1279,In The Heat Of The Night,1967
1280,Bonnie and Clyde,1967
1281,The Graduate,1967
1282,Finian's Rainbow,1968
1283,The Odd Couple,1968
1284,The Lion In Winter,1968
1285,Funny Girl,1968
1286,The Thomas Crown Affair,1968
1287,Bullitt,1968
1288,Once Upon A Time In The West,1968
1289,Night Of The Living Dead,1968
1290,Rosemary's Baby,1968
1291,Planet Of The Apes,1968
1292,2001: A Space Odyssey,1968
1293,Paint Your Wagon,1969
1294,Butch Cassidy and the Sundance Kid,1969
1295,The Wild Bunch,1969
1296,Easy Rider,1969
1297,Putney Swope,1969
1298,Alice's Restaurant,1969
1299,Downhill Racer,1969
1300,Medium Cool,1969
1301,"They Shoot Horses, Don't They?",1969
1302,Midnight Cowboy,1969
1303,True Grit,1969
1304,Patton,1970
1305,Little Big Man,1970
1306,Five Easy Pieces,1970
1307,MAS*H,1970
1308,Husbands,1970
1309,Love Story,1970
1310,The Last Picture Show,1971
1311,Play Misty For Me,1971
1312,The French Connection,1971
1313,Straw Dogs,1971
1314,Dirty Harry,1971
1315,Klute,1971
1316,THX 1138,1971
1317,Bananas,1971
1318,Sweet Sweetback's Baadasssss Song,1971
1319,Shaft,1971
1320,Carnal Knowledge,1971
1321,McCabe & Mrs. Miller,1971
1322,Harold and Maude,1971
1323,Minnie and Moskowitz,1971
1324,A New Leaf,1971
1325,A Clockwork Orange,1971
1326,Willy Wonka & The Chocolate Factory,1971
1327,The Getaway,1972
1328,Deliverance,1972
1329,The Godfather,1972
1330,Boxcar Bertha,1972
1331,Play It Again Sam,1972
1332,The Heartbreak Kid,1972
1333,Cabaret,1972
1334,Jeremiah Johnson,1972
1335,The Candidate,1972
1336,"What's Up, Doc?",1972
1337,Sounder,1972
1338,Everything You Always Wanted To Know About Sex*,1972
1339,Badlands,1973
1340,Scarecrow,1973
1341,The Long Goodbye,1973
1342,The Last Detail,1973
1343,Mean Streets,1973
1344,Sleeper,1973
1345,Serpico,1973
1346,Coffy,1973
1347,Enter The Dragon,1973
1348,American Graffiti,1973
1349,The Sting,1973
1350,The Way We Were,1973
1351,The Exorcist,1973
1352,Papillon,1973
1353,The Paper Chase,1973
1354,Save The Tiger,1973
1355,Don't Look Now,1973
1356,Paper Moon,1973
1357,The Sugarland Express,1974
1358,The Godfather Part II,1974
1359,Blazing Saddles,1974
1360,Young Frankenstein,1974
1361,Foxy Brown,1974
1362,Lenny,1974
1363,Chinatown,1974
1364,A Woman Under The Influence,1974
1365,Alice Doesn't Live Here Anymore,1974
1366,The Great Gatsby,1974
1367,The Conversation,1974
1368,The Parallax View,1974
1369,California Split,1974
1370,Love and Death,1975
1371,Dog Day Afternoon,1975
1372,"Sheba, Baby",1975
1373,One Flew Over The Cuckoo's Nest,1975
1374,Jaws,1975
1375,Nashville,1975
1376,Shampoo,1975
1377,The Rocky Horror Picture Show,1975
1378,Three Days Of The Condor,1975
1379,Monty Python and The Holy Grail,1975
1380,Taxi Driver,1976
1381,Marathon Man,1976
1382,All The President's Men,1976
1383,Network,1976
1384,Rocky,1976
1385,The Outlaw Josey Wales,1976
1386,Carrie,1976
1387,Silver Streak,1976
1388,The Bad News Bears,1976
1389,Bound For Glory,1976
1390,Annie Hall,1977
1391,Close Encounters Of The Third Kind,1977
1392,Opening Night,1977
1393,Saturday Night Fever,1977
1394,Star Wars: A New Hope,1977
1395,The Turning Point,1977
1396,The Goodbye Girl,1977
1397,Slap Shot,1977
1398,"New York, New York",1977
1399,Julia,1977
1400,Smokey and The Bandit,1977
1401,National Lampoon's Animal House,1978
1402,An Unmarried Woman,1978
1403,Grease,1978
1404,The Deer Hunter,1978
1405,Coming Home,1978
1406,Superman The Movie,1978
1407,Heaven Can Wait,1978
1408,Days Of Heaven,1978
1409,Midnight Express,1978
1410,Halloween,1978
1411,Manhattan,1979
1412,Being There,1979
1413,All That Jazz,1979
1414,Apocalypse Now,1979
1415,Alien,1979
1416,The China Syndrome,1979
1417,Norma Rae,1979
1418,Breaking Away,1979
1419,Kramer Vs. Kramer,1979
1420,Raging Bull,1980
1421,The Elephant Man,1980
1422,Coal Miner's Daughter,1980
1423,Cruising,1980
1424,Ordinary People,1980
1425,The Shining,1980
1426,Heaven's Gate,1980
1427,Star Wars: The Empire Strikes Back,1980
1428,Airplane!,1980
1429,The Blues Brothers,1980
1430,9 to 5,1980
1431,Caddyshack,1980
1432,Raiders of the Lost Ark,1981
1433,Escape from New York,1981
1434,Mad Max 2: The Road Warrior,1981
1435,Reds,1981
1436,Ragtime,1981
1437,The French Lieutenant's Woman,1981
1438,Chariots of Fire,1981
1439,On Golden Pond,1981
1440,E.T. the Extra-Terrestrial,1982
1441,The Verdict,1982
1442,Gandhi,1982
1443,Blade Runner,1982
1444,Poltergeist,1982
1445,Sophie's Choice,1982
1446,Diner,1982
1447,Tootsie,1982
1448,The King of Comedy,1982
1449,Fast Times at Ridgemont High,1982
1450,Rocky III,1982
1451,48 Hrs.,1982
1452,First Blood,1982
1453,Conan the Barbarian,1982
1454,The Big Chill,1983
1455,Terms of Endearment,1983
1456,Zelig,1983
1457,The Right Stuff,1983
1458,Scarface,1983
1459,Flashdance,1983
1460,Trading Places,1983
1461,Risky Business,1983
1462,Star Wars: Return of the Jedi,1983
1463,Silkwood,1983
1464,This is Spinal Tap,1984
1465,Ghostbusters,1984
1466,Beverly Hills Cop,1984
1467,The Natural,1984
1468,Purple Rain,1984
1469,Gremlins,1984
1470,Sixteen Candles,1984
1471,Splash,1984
1472,Police Academy,1984
1473,Footloose,1984
1474,A Nightmare on Elm Street,1984
1475,Amadeus,1984
1476,The Terminator,1984
1477,Broadway Danny Rose,1984
1478,Once Upon a Time in America,1984
1479,Blood Simple,1984
1480,Missing in Action,1984
1481,Stranger Than Paradise,1984
1482,The Killing Fields,1984
1483,Back to the Future,1985
1484,Brazil,1985
1485,The Purple Rose of Cairo,1985
1486,The Goonies,1985
1487,Witness,1985
1488,Pee-Wee's Big Adventure,1985
1489,The Breakfast Club,1985
1490,Desperately Seeking Susan,1985
1491,Spies Like Us,1985
1492,Rambo: First Blood Part II,1985
1493,Rocky IV,1985
1494,Commando,1985
1495,Out of Africa,1985
1496,Aliens,1986
1497,Platoon,1986
1498,Top Gun,1986
1499,Down and Out in Beverly Hills,1986
1500,Stand By Me,1986
1501,Crocodile Dundee,1986
1502,Ferris Bueller's Day Off,1986
1503,Three Amigos,1986
1504,Blue Velvet,1986
1505,Hannah and Her Sisters,1986
1506,Pretty in Pink,1986
1507,Hoosiers,1986
1508,The Color of Money,1986
1509,The Princess Bride,1987
1510,Fatal Attraction,1987
1511,RoboCop,1987
1512,Empire of the Sun,1987
1513,Wall Street,1987
1514,Raising Arizona,1987
1515,Three Men and a Baby,1987
1516,Dirty Dancing,1987
1517,Lethal Weapon,1987
1518,Broadcast News,1987
1519,Ironweed,1987
1520,The Untouchables,1987
1521,"Good Morning, Vietnam",1987
1522,Hamburger Hill,1987
1523,Full Metal Jacket,1987
1524,Predator,1987
1525,The Last Emperor,1987
1526,Moonstruck,1987
1527,"Planes, Trains & Automobiles",1987
1528,Who Framed Roger Rabbit,1988
1529,Coming to America,1988
1530,Big,1988
1531,Beetlejuice,1988
1532,Bull Durham,1988
1533,The Naked Gun: From the Files of Police Squad!,1988
1534,Working Girl,1988
1535,A Cry in the Dark,1988
1536,Mississippi Burning,1988
1537,Die Hard,1988
1538,Rain Man,1988
1539,Bloodsport,1988
1540,Batman,1989
1541,Do the Right Thing,1989
1542,Drugstore Cowboy,1989
1543,Crimes and Misdemeanors,1989
1544,"Sex, Lies and Videotape",1989
1545,Born on the Fourth of July,1989
1546,Dead Poets Society,1989
1547,My Left Foot,1989
1548,Field of Dreams,1989
1549,When Harry Met Sally...,1989
1550,Say Anything ...,1989
1551,Parenthood,1989
1552,The Little Mermaid,1989
1553,Glory,1989
1554,The Abyss,1989
1555,Goodfellas,1990
1556,House Party,1990
1557,To Sleep with Anger,1990
1558,Pretty Woman,1990
1559,Edward Scissorhands,1990
1560,Dances with Wolves,1990
1561,Miller's Crossing,1990
1562,Awakenings,1990
1563,Ghost,1990
1564,Slacker,1990
1565,Blue Steel,1990
1566,Home Alone,1990
1567,The Silence of the Lambs,1991
1568,Thelma and Louise,1991
1569,L.A. Story,1991
1570,JFK,1991
1571,Boyz n the Hood,1991
1572,Barton Fink,1991
1573,New Jack City,1991
1574,Daughters of the Dust,1991
1575,Point Break,1991
1576,The Prince of Tides,1991
1577,Hangin' with the Homeboys,1991
1578,Trust,1991
1579,Poison,1991
1580,Beauty and the Beast,1991
1581,Little Man Tate,1991
1582,Rambling Rose,1991
1583,Terminator 2: Judgement Day,1991
1584,Basic Instinct,1992
1585,Malcolm X,1992
1586,Reservoir Dogs,1992
1587,Wayne's World,1992
1588,Juice,1992
1589,Just Another Girl on the I.R.T.,1992
1590,Gas Food Lodging,1992
1591,A Few Good Men,1992
1592,Boomerang,1992
1593,Aladdin,1992
1594,The Last of the Mohicans,1992
1595,Unforgiven,1992
1596,A League of Their Own,1992
1597,Philadelphia,1993
1598,Schindler's List,1993
1599,Groundhog Day,1993
1600,Mrs. Doubtfire,1993
1601,Poetic Justice,1993
1602,Six Degrees of Separation,1993
1603,Sleepless in Seattle,1993
1604,Dazed and Confused,1993
1605,The Nightmare Before Christmas,1993
1606,The Piano,1993
1607,Jurassic Park,1993
1608,The Shawshank Redemption,1994
1609,Forrest Gump,1994
1610,Heavenly Creatures,1994
1611,Quiz Show,1994
1612,The Mask,1994
1613,Dumb and Dumber,1994
1614,Ace Ventura: Pet Detective,1994
1615,Crooklyn,1994
1616,Four Weddings and a Funeral,1994
1617,Clerks,1994
1618,Fresh,1994
1619,Pulp Fiction,1994
1620,The Lion King,1994
1621,Ed Wood,1994
1622,The Hudsucker Proxy,1994
1623,Little Women,1994
1624,The Usual Suspects,1995
1625,Casino,1995
1626,Apollo 13,1995
1627,Higher Learning,1995
1628,While You Were Sleeping,1995
1629,Friday,1995
1630,The Basketball Diaries,1995
1631,Braveheart,1995
1632,Dead Presidents,1995
1633,Waiting to Exhale,1995
1634,How to Make an American Quilt,1995
1635,Bad Boys,1995
1636,Clueless,1995
1637,Welcome to the Dollhouse,1995
1638,The Brothers McMullen,1995
1639,Toy Story,1995
1640,Heat,1995
1641,Se7en,1995
1642,The English Patient,1996
1643,Happy Gilmore,1996
1644,Waiting for Guffman,1996
1645,Set it Off,1996
1646,Independence Day,1996
1647,Jerry Maguire,1996
1648,Swingers,1996
1649,Hard Eight,1996
1650,Fargo,1996
1651,Grace of My Heart,1996
1652,Walking and Talking,1996
1653,Romeo + Juliet,1996
1654,Trainspotting,1996
1655,L.A. Confidential,1997
1656,Austin Powers: International Man of Mystery,1997
1657,Soul Food,1997
1658,My Best Friend's Wedding,1997
1659,Men in Black,1997
1660,As Good As It Gets,1997
1661,Boogie Nights,1997
1662,Titanic,1997
1663,Contact,1997
1664,Rosewood,1997
1665,Out of Sight,1998
1666,The Thin Red Line,1998
1667,Saving Private Ryan,1998
1668,Rushmore,1998
1669,The Wedding Singer,1998
1670,There's Something About Mary,1998
1671,Dr. Dolittle,1998
1672,How Stella Got Her Groove Back,1998
1673,The Big Lebowski,1998
1674,You've Got Mail,1998
1675,The End of the Affair,1999
1676,Office Space,1999
1677,The Best Man,1999
1678,Runaway Bride,1999
1679,Notting Hill,1999
1680,Toy Story 2,1999
1681,Magnolia,1999
1682,The Matrix,1999
1683,The Sixth Sense,1999
1684,The Talented Mr. Ripley,1999
1685,The Blair Witch Project,1999
1686,Man on the Moon,1999
1687,The Cider House Rules,1999
1688,The Hurricane,1999
1689,American Beauty,1999
1690,"Girl, Interrupted",1999
1691,The Insider,1999
1692,Election,1999
1693,Boys Don't Cry,1999
1694,The Virgin Suicides,1999
1695,Three Kings,1999
1696,Being John Malkovich,1999
1697,Fight Club,1999
1698,Star Wars: The Phantom Menace,1999
1699,Gladiator,2000
1700,Erin Brockovich,2000
1701,Memento,2000
1702,Miss Congeniality,2000
1703,Cast Away,2000
1704,Almost Famous,2000
1705,A Beautiful Mind,2001
1706,Ocean's Eleven,2001
1707,Legally Blonde,2001
1708,The Lord of the Rings: The Fellowship of the Ring,2001
1709,Harry Potter and the Sorcerer's Stone,2001
1710,Training Day,2001
1711,Moulin Rouge!,2001
1712,The Royal Tenenbaums,2001
1713,Shrek,2001
1714,"Monsters, Inc.",2001
1715,Minority Report,2002
1716,Ali,2002
1717,Chicago,2002
1718,My Big Fat Greek Wedding,2002
1719,Gangs of New York,2002
1720,Harry Potter and the Chamber of Secrets,2002
1721,The Lord of the Rings: The Two Towers,2002
1722,Men in Black II,2002
1723,Something's Gotta Give,2003
1724,Lost in Translation,2003
1725,The Lord of the Rings: The Return of the King,2003
1726,Pirates of the Caribbean: The Curse of the Black Pearl,2003
1727,Old School,2003
1728,Elf,2003
1729,The Incredibles,2004
1730,Eternal Sunshine of the Spotless Mind,2004
1731,Harry Potter and the Prisoner of Azkaban,2004
1732,The Bourne Supremacy,2004
1733,Anchorman: The Legend of Ron Burgundy,2004
1734,Brokeback Mountain,2005
1735,The-40-Year-Old Virgin,2005
1736,Batman Begins,2005
1737,The Devil Wears Prada,2006
1738,The Departed,2006
1739,Dreamgirls,2006
1740,The Holiday,2006
1741,Casino Royale,2006
1742,Little Miss Sunshine,2006
1743,Borat: Cultural Learnings of America for Make Benefit Glorious Nation of Kazakhstan,2006
1744,Pan's Labyrinth,2006
1745,Children of Men,2006
1746,There Will Be Blood,2007
1747,No Country for Old Men,2007
1748,Transformers,2007
1749,Knocked Up,2007
1750,Superbad,2007
1751,Mamma Mia!,2008
1752,WALL-E,2008
1753,Slumdog Millionaire,2008
1754,Twilight,2008
1755,Step Brothers,2008
1756,The Dark Knight,2008
1757,Iron Man,2008
1758,Up,2009
1759,It's Complicated,2009
1760,Inglourious Basterds,2009
1761,The Hangover,2009
1762,Avatar,2009
1763,The Hurt Locker,2009
1764,Precious,2009
1765,True Grit,2010
1766,The Social Network,2010
1767,Black Swan,2010
1768,Harry Potter and the Deathly Hallows: Part 1,2010
1769,Winter's Bone,2010
1770,The Kids Are All Right,2010
1771,Harry Potter and the Deathly Hallows: Part 2,2011
1772,Bridesmaids,2011
1773,Thor,2011
1774,Captain America: The First Avenger,2011
1775,Django Unchained,2012
1776,Lincoln,2012
1777,The Master,2012
1778,Moonrise Kingdom,2012
1779,The Hobbit: An Unexpected Journey,2012
1780,Zero Dark Thirty,2012
1781,Silver Linings Playbook,2012
1782,The Avengers,2012
1783,The Hunger Games,2012
1784,Good Deeds,2012
1785,Fast & Furious 6,2013
1786,The Heat,2013
1787,Gravity,2013
1788,American Hustle,2013
1789,12 Years a Slave,2013
1790,Fruitvale Station,2013
1791,Boyhood,2014
1792,The Grand Budapest Hotel,2014
1793,American Sniper,2014
1794,Guardians of the Galaxy,2014
1795,Birdman or (The Unexpected Virtue of Ignorance),2014
1796,Selma,2014
1797,Mission: Impossible -- Rogue Nation,2015
1798,Spy,2015
1799,Joy,2015
1800,Ant-Man,2015
1801,Creed,2015
1802,Tangerine,2015
1803,The Revenant,2015
1804,Straight Outta Compton,2015
1805,La La Land,2016
1806,Doctor Strange,2016
1807,Moonlight,2016
1808,Fences,2016
1809,Spider-man: Homecoming,2017
1810,The Shape of Water,2017
1811,Mudbound,2017
1812,The Florida Project,2017
1813,Lady Bird,2017
1814,Get Out,2017
1815,Wonder Woman,2017
1816,Avengers: Infinity War,2018
1817,Black Panther,2018
1818,Crazy Rich Asians,2018
1819,Roma,2018
1820,Spider-Man: No Way Home,2021
1821,The Battle at Lake Changjin,2021
1822,Hi Mom,2021
1823,No Time to Die,2021
1824,F9,2021
1825,Detective Chinatown 3,2021
1826,Venom: Let There Be Carnage,2021
1827,Godzilla vs. Kong,2021
1828,Shang-Chi and the Legend of the Ten Rings,2021
1829,Eternals,2021